{
    "persons": [
        {
            "name": "John",
            "age": 30,
            "cars": [
                {
                    "name": "Ford",
                    "models": [
                        "Fiesta",
                        "Focus"
                    ]
                },
                {
                    "name": "BMW",
                    "models": [
                        "320",
                        "X3",
                        "X5"
                    ]
                }
            ],
            "address": {
                  "country": "India",
                  "state": "Kerala",
                  "city": "Allepy"
            }
        },
        {
            "name": "Peter",
            "age": 46,
            "cars": [
                {
                    "name": "Huyndai",
                    "models": [
                        "i10",
                        "i30"
                    ]
                },
                {
                    "name": "Mercedes",
                    "models": [
                        "E320"
                    ]
                }
            ],
            "address": {
                  "country": "United States",
                  "state": "Chicago",
                  "city": "DownStreet"
            }
        },
		{
            "name": "Jessica",
            "age": 46,
            "cars": [
                {
                    "name": "Huyndai",
                    "models": [
                        "i10",
                        "i30"
                    ]
                },
                {
                    "name": "Mercedes",
                    "models": [
                        "E321"
                    ]
                }
            ],
            "address": {
                  "country": "United States",
                  "state": "Chicago",
                  "city": "DownStreet"
            }
        }
    ]
}

