{
	"usedCars": [{
			"@type": "Car",
			"brand": {
				"@type": "Brand",
				"name": "Suzuki"
			},
			"model": "Mehran",
			"description": "I m  100% original. Alloy Rims. New tires installed recently. Driven on petrol throughout. Never been into any accident. All original documents are complete. All token taxes are paid for life. Looking to sell the car urgently.",
			"itemCondition": "used",
			"modelDate": 2013,
			"manufacturer": "Suzuki",
			"fuelType": "Petrol",
			"name": "Suzuki Mehran 2013 for sale in Rawalpindi",
			"image": "https://cache1.pakwheels.com/ad_pictures/5534/suzuki-mehran-vx-euro-ii-2013-55345059.jpg",
			"vehicleTransmission": "Manual",
			"color": "White",
			"bodyType": "Hatchback",
			"vehicleEngine": {
				"@type": "EngineSpecification",
				"engineDisplacement": "800cc"
			},
			"mileageFromOdometer": "42,000 km",
			"sellerLocation": " Rawalpindi Punjab",
			"postedFrom": "Added via Website",
			"keywords": "suzuki mehran 2013 for sale, suzuki mehran 2013, suzuki mehran 2013 rawalpindi, 2013 suzuki mehran, suzuki mehran for sale, used suzuki mehran 2013",
			"extraFeatures": {
				"RegisteredIn": "Islamabad",
				"Color": "White",
				"Assembly": "Local",
				"EngineCapacity": "800 cc",
				"BodyType": "Hatchback",
				"LastUpdated:": "Aug 27, 2021",
				"AdRef#": "5364013"
			},
			"features": [
				"AM/FM Radio",
				"Alloy Rims",
				"Cassette Player",
				"Immobilizer Key"
			],
			"adLastUpdated": "Aug 27, 2021",
			"price": 790000,
			"priceCurrency": "PKR"
		},
		{
			"@type": "Car",
			"brand": {
				"@type": "Brand",
				"name": "Mitsubishi"
			},
			"model": "Pajero",
			"description": "Read Full Discription First\n\nIts Super Select ( 4\u00d74 ) Edition\n\n92 Model 2007 Custom Auction 2008 Registered\n\nSeal To Seal Nut To Nut Genuine\n\nNo Rust\n\nTotally Genuine Stock Condition\n\n5VZ 3400 Petrol Water Throwing Engine\n\n82400 Driven Only\n\nGear Suspension Breaks All Perfact 100%\n\nDeul Chilled AC\nClimate Control \n\nOriginal Leather Package Seats\nElectric and Heated Seats\n7 Seater\n\nSports Electric Suspension\n\nABS\n\nSunroof\n\nSnorkel Installed\n\nHeavy Sound and Android System Installed\n\n5 Genuine Stock Alloy Wheels With New Bridgestone Tyres\n\nBumper to Bumper Genuine Stock Condition\nNo Modifications\n\nAll Gadgets In Company Condition And Properly Working\n\nBest SUV in its Class\n\n(Note)\nAll Documents Complete with File and verified by myself and Physical Examind Also by Karachi Excise Department.\nOnly Serious Buyer's just contact.\n\nJazak Allah.",
			"itemCondition": "used",
			"modelDate": 1992,
			"manufacturer": "Mitsubishi",
			"fuelType": "Petrol",
			"name": "Mitsubishi Pajero 1992 for sale in Islamabad",
			"image": "https://cache2.pakwheels.com/ad_pictures/5543/mitsubishi-pajero-exceed-3-5-1992-55434056.jpg",
			"vehicleTransmission": "Automatic",
			"color": "Silver",
			"bodyType": "SUV",
			"vehicleEngine": {
				"@type": "EngineSpecification",
				"engineDisplacement": "3500cc"
			},
			"mileageFromOdometer": "82,400 km",
			"sellerLocation": " Airport Enclave, Islamabad Islamabad",
			"postedFrom": " Added via Phone",
			"keywords": "mitsubishi pajero 1992 for sale, mitsubishi pajero 1992, mitsubishi pajero 1992 islamabad, 1992 mitsubishi pajero, mitsubishi pajero for sale, used mitsubishi pajero 1992",
			"extraFeatures": {
				"RegisteredIn": "Karachi",
				"Color": "Silver",
				"Assembly": "Imported",
				"EngineCapacity": "3500 cc",
				"BodyType": "SUV",
				"LastUpdated:": "Aug 27, 2021",
				"AdRef#": "5363177"
			},
			"features": [
				"AM/FM Radio",
				"Air Bags",
				"Air Conditioning",
				"Alloy Rims",
				"Cassette Player",
				"Keyless Entry",
				"Power Locks",
				"Power Mirrors",
				"Power Steering",
				"Power Windows",
				"Sun Roof"
			],
			"adLastUpdated": "Aug 27, 2021",
			"price": 2000000,
			"priceCurrency": "PKR"
		},
		{
			"@type": "Car",
			"brand": {
				"@type": "Brand",
				"name": "Suzuki"
			},
			"model": "Cultus",
			"description": "1 piece touch first owner new tyre urgent sale need cash",
			"itemCondition": "used",
			"modelDate": 2016,
			"manufacturer": "Suzuki",
			"fuelType": "Petrol",
			"name": "Suzuki Cultus 2016 for sale in Lahore",
			"image": "https://cache3.pakwheels.com/ad_pictures/5533/suzuki-cultus-limited-edition-2-2016-55334978.jpg",
			"vehicleTransmission": "Manual",
			"color": "Grey",
			"bodyType": "Hatchback",
			"vehicleEngine": {
				"@type": "EngineSpecification",
				"engineDisplacement": "1000cc"
			},
			"mileageFromOdometer": "123,456 km",
			"sellerLocation": " Lahore Punjab",
			"postedFrom": " Added via Phone",
			"keywords": "suzuki cultus 2016 for sale, suzuki cultus 2016, suzuki cultus 2016 lahore, 2016 suzuki cultus, suzuki cultus for sale, used suzuki cultus 2016",
			"extraFeatures": {
				"RegisteredIn": "Lahore",
				"Color": "Grey",
				"Assembly": "Local",
				"EngineCapacity": "1000 cc",
				"BodyType": "Hatchback",
				"LastUpdated:": "Aug 27, 2021",
				"AdRef#": "5363246"
			},
			"features": [
				"AM/FM Radio",
				"Air Conditioning",
				"Alloy Rims",
				"CD Player"
			],
			"adLastUpdated": "Aug 27, 2021",
			"price": 1265000,
			"priceCurrency": "PKR"
		},
		{
			"@type": "Car",
			"brand": {
				"@type": "Brand",
				"name": "Toyota"
			},
			"model": "Corolla",
			"description": "Axio luxel alfa 2007 model full option sensor bumpers with original bumper aentina seven speed transmission along with cruse perl white colour ",
			"itemCondition": "used",
			"modelDate": 2007,
			"manufacturer": "Toyota",
			"fuelType": "Petrol",
			"name": "Toyota Corolla 2007 for sale in Peshawar",
			"image": "https://cache1.pakwheels.com/ad_pictures/5533/toyota-corolla-2007-55334982.jpg",
			"vehicleTransmission": "Automatic",
			"color": "White",
			"vehicleEngine": {
				"@type": "EngineSpecification",
				"engineDisplacement": "1800cc"
			},
			"mileageFromOdometer": "71,000 km",
			"sellerLocation": " Ring Road, Peshawar KPK",
			"postedFrom": " Added via Phone",
			"keywords": "toyota corolla 2007 for sale, toyota corolla 2007, toyota corolla 2007 peshawar, 2007 toyota corolla, toyota corolla for sale, used toyota corolla 2007",
			"extraFeatures": {
				"RegisteredIn": "Un-Registered",
				"Color": "White",
				"Assembly": "Imported",
				"EngineCapacity": "1800 cc",
				"BodyType": "N/A",
				"LastUpdated:": "Aug 27, 2021",
				"AdRef#": "5363267"
			},
			"features": [
				"ABS",
				"AM/FM Radio",
				"Air Bags",
				"Air Conditioning",
				"CD Player",
				"Cassette Player",
				"Cruise Control",
				"DVD Player",
				"Keyless Entry",
				"Power Locks",
				"Power Mirrors",
				"Power Steering",
				"Power Windows"
			],
			"adLastUpdated": "Aug 27, 2021",
			"price": 3500000,
			"priceCurrency": "PKR"
		},
		{
			"@type": "Car",
			"brand": {
				"@type": "Brand",
				"name": "Honda"
			},
			"model": "City",
			"description": "100% original.",
			"itemCondition": "used",
			"modelDate": 2013,
			"manufacturer": "Honda",
			"fuelType": "Petrol",
			"name": "Honda City 2013 for sale in Lahore",
			"vehicleTransmission": "Manual",
			"color": "Grey",
			"bodyType": "Sedan",
			"vehicleEngine": {
				"@type": "EngineSpecification",
				"engineDisplacement": "1500cc"
			},
			"mileageFromOdometer": "11 km",
			"sellerLocation": " Lahore Punjab",
			"postedFrom": " Added via Phone",
			"keywords": "honda city 2013 for sale, honda city 2013, honda city 2013 lahore, 2013 honda city, honda city for sale, used honda city 2013",
			"extraFeatures": {
				"RegisteredIn": "Lahore",
				"Color": "Grey",
				"Assembly": "Local",
				"EngineCapacity": "1500 cc",
				"BodyType": "Sedan",
				"LastUpdated:": "Aug 27, 2021",
				"AdRef#": "5363299"
			},
			"features": [
				"ABS",
				"AM/FM Radio",
				"Air Conditioning",
				"Alloy Rims",
				"CD Player",
				"DVD Player",
				"Immobilizer Key",
				"Keyless Entry",
				"Navigation System",
				"Power Locks",
				"Power Mirrors",
				"Power Steering",
				"Power Windows"
			],
			"adLastUpdated": "Aug 27, 2021",
			"price": 2075000,
			"priceCurrency": "PKR",
			"image": null
		},
		{
			"@type": "Car",
			"brand": {
				"@type": "Brand",
				"name": "Suzuki"
			},
			"model": "Cultus",
			"description": "1 piece touch new tyre fiest owner urgent sale need cash",
			"itemCondition": "used",
			"modelDate": 2016,
			"manufacturer": "Suzuki",
			"fuelType": "Petrol",
			"name": "Suzuki Cultus 2016 for sale in Lahore",
			"image": "https://cache4.pakwheels.com/ad_pictures/5533/suzuki-cultus-limited-edition-2-2016-55336915.jpg",
			"vehicleTransmission": "Manual",
			"color": "Grey",
			"bodyType": "Hatchback",
			"vehicleEngine": {
				"@type": "EngineSpecification",
				"engineDisplacement": "1000cc"
			},
			"mileageFromOdometer": "123,456 km",
			"sellerLocation": " Lahore Punjab",
			"postedFrom": " Added via Phone",
			"keywords": "suzuki cultus 2016 for sale, suzuki cultus 2016, suzuki cultus 2016 lahore, 2016 suzuki cultus, suzuki cultus for sale, used suzuki cultus 2016",
			"extraFeatures": {
				"RegisteredIn": "Lahore",
				"Color": "Grey",
				"Assembly": "Local",
				"EngineCapacity": "1000 cc",
				"BodyType": "Hatchback",
				"LastUpdated:": "Aug 27, 2021",
				"AdRef#": "5363400"
			},
			"features": [
				"AM/FM Radio",
				"Air Conditioning",
				"Alloy Rims",
				"CD Player"
			],
			"adLastUpdated": "Aug 27, 2021",
			"price": 1295000,
			"priceCurrency": "PKR"
		},
		{
			"@type": "Car",
			"brand": {
				"@type": "Brand",
				"name": "Toyota"
			},
			"model": "Corolla",
			"description": "Alloy Rims. Complete original file is availble . Petrol driven, CNG never installed . Exchange option can be considered. Fitted with new tires. Never got into accident. Engine in pristine condition . Will be sold to nearest offer. Token tax is up to date. Urgently need to sellthe  car.",
			"itemCondition": "used",
			"modelDate": 1994,
			"manufacturer": "Toyota",
			"fuelType": "Petrol",
			"name": "Toyota Corolla 1994 for sale in Peshawar",
			"image": "https://cache2.pakwheels.com/ad_pictures/5533/toyota-corolla-se-limited-1994-55337028.jpg",
			"vehicleTransmission": "Manual",
			"color": "Grey",
			"bodyType": "Sedan",
			"vehicleEngine": {
				"@type": "EngineSpecification",
				"engineDisplacement": "1500cc"
			},
			"mileageFromOdometer": "123,456 km",
			"sellerLocation": " Ashrafia Colony, Peshawar KPK",
			"postedFrom": " Added via Phone",
			"keywords": "toyota corolla 1994 for sale, toyota corolla 1994, toyota corolla 1994 peshawar, 1994 toyota corolla, toyota corolla for sale, used toyota corolla 1994",
			"extraFeatures": {
				"RegisteredIn": "Peshawar",
				"Color": "Grey",
				"Assembly": "Local",
				"EngineCapacity": "1500 cc",
				"BodyType": "Sedan",
				"LastUpdated:": "Aug 27, 2021",
				"AdRef#": "5363421"
			},
			"features": [
				"AM/FM Radio",
				"Air Conditioning",
				"Alloy Rims",
				"Power Locks",
				"Power Mirrors",
				"Power Steering",
				"Power Windows"
			],
			"adLastUpdated": "Aug 27, 2021",
			"price": 1000000,
			"priceCurrency": "PKR"
		},
		{
			"@type": "Car",
			"brand": {
				"@type": "Brand",
				"name": "Suzuki"
			},
			"model": "Mehran",
			"description": "no touching all genuine..",
			"itemCondition": "used",
			"modelDate": 2007,
			"manufacturer": "Suzuki",
			"fuelType": "Petrol",
			"name": "Suzuki Mehran 2007 for sale in Rawalpindi",
			"image": "https://cache1.pakwheels.com/ad_pictures/5533/suzuki-mehran-vxr-cng-4-2007-55337408.jpg",
			"vehicleTransmission": "Manual",
			"color": "White",
			"bodyType": "Hatchback",
			"vehicleEngine": {
				"@type": "EngineSpecification",
				"engineDisplacement": "800cc"
			},
			"mileageFromOdometer": "1,234 km",
			"sellerLocation": " Airport Housing Society, Rawalpindi Punjab",
			"postedFrom": " Added via Phone",
			"keywords": "suzuki mehran 2007 for sale, suzuki mehran 2007, suzuki mehran 2007 rawalpindi, 2007 suzuki mehran, suzuki mehran for sale, used suzuki mehran 2007",
			"extraFeatures": {
				"RegisteredIn": "Multan",
				"Color": "White",
				"Assembly": "Local",
				"EngineCapacity": "800 cc",
				"BodyType": "Hatchback",
				"LastUpdated:": "Aug 27, 2021",
				"AdRef#": "5363457"
			},
			"features": [
				"Air Conditioning"
			],
			"adLastUpdated": "Aug 27, 2021",
			"price": 465000,
			"priceCurrency": "PKR"
		},
		{
			"@type": "Car",
			"brand": {
				"@type": "Brand",
				"name": "Toyota"
			},
			"model": "Prado",
			"description": "excellent condition 7 seater without sunroof.",
			"itemCondition": "used",
			"modelDate": 2012,
			"manufacturer": "Toyota",
			"fuelType": "Petrol",
			"name": "Toyota Prado 2012 for sale in Lahore",
			"image": "https://cache3.pakwheels.com/ad_pictures/5534/toyota-prado-tx-4-2012-55345430.jpg",
			"vehicleTransmission": "Automatic",
			"color": "White",
			"bodyType": "SUV",
			"vehicleEngine": {
				"@type": "EngineSpecification",
				"engineDisplacement": "2700cc"
			},
			"mileageFromOdometer": "96,404 km",
			"sellerLocation": " Lahore Punjab",
			"postedFrom": " Added via Phone",
			"keywords": "toyota prado 2012 for sale, toyota prado 2012, toyota prado 2012 lahore, 2012 toyota prado, toyota prado for sale, used toyota prado 2012",
			"extraFeatures": {
				"RegisteredIn": "Islamabad",
				"Color": "White",
				"Assembly": "Imported",
				"EngineCapacity": "2700 cc",
				"BodyType": "SUV",
				"LastUpdated:": "Aug 27, 2021",
				"AdRef#": "5364003"
			},
			"features": [
				"ABS",
				"AM/FM Radio",
				"Air Bags",
				"Air Conditioning",
				"Alloy Rims",
				"CD Player",
				"Cruise Control",
				"DVD Player",
				"Immobilizer Key",
				"Keyless Entry",
				"Navigation System",
				"Power Locks",
				"Power Mirrors",
				"Power Steering",
				"Power Windows"
			],
			"adLastUpdated": "Aug 27, 2021",
			"price": 13000000,
			"priceCurrency": "PKR"
		},
		{
			"@type": "Car",
			"brand": {
				"@type": "Brand",
				"name": "Toyota"
			},
			"model": "Vitz",
			"description": "Home used car hai\r\nTouchups hain pr interior full original hai",
			"itemCondition": "used",
			"modelDate": 2006,
			"manufacturer": "Toyota",
			"fuelType": "Petrol",
			"name": "Toyota Vitz 2006 for sale in Karachi",
			"image": "https://cache4.pakwheels.com/ad_pictures/5534/toyota-vitz-1-0-b-2006-55345124.jpg",
			"vehicleTransmission": "Automatic",
			"color": "TURQOUISE",
			"bodyType": "Hatchback",
			"vehicleEngine": {
				"@type": "EngineSpecification",
				"engineDisplacement": "1000cc"
			},
			"mileageFromOdometer": "133,000 km",
			"sellerLocation": " Gulistan-e-Jauhar, Karachi Sindh",
			"postedFrom": "Added via Website",
			"keywords": "toyota vitz 2006 for sale, toyota vitz 2006, toyota vitz 2006 karachi, 2006 toyota vitz, toyota vitz for sale, used toyota vitz 2006",
			"extraFeatures": {
				"RegisteredIn": "Adda jahan khan",
				"Color": "Turqouise",
				"Assembly": "Imported",
				"EngineCapacity": "1000 cc",
				"BodyType": "Hatchback",
				"LastUpdated:": "Aug 27, 2021",
				"AdRef#": "5364002"
			},
			"features": [
				"ABS",
				"AM/FM Radio",
				"Air Bags",
				"Air Conditioning",
				"Alloy Rims",
				"CD Player",
				"DVD Player",
				"Keyless Entry",
				"Navigation System",
				"Power Locks",
				"Power Mirrors",
				"Power Steering",
				"Power Windows"
			],
			"adLastUpdated": "Aug 27, 2021",
			"price": 1325000,
			"priceCurrency": "PKR"
		},
		{
			"@type": "Car",
			"brand": {
				"@type": "Brand",
				"name": "Toyota"
			},
			"model": "Corolla",
			"description": "Alloy Rims. All original documents are complete  . Driven on petrol throughout . Paint touchups in a few places. Will be sold to nearest offer. Looking to sell the car urgently.",
			"itemCondition": "used",
			"modelDate": 2016,
			"manufacturer": "Toyota",
			"fuelType": "Petrol",
			"name": "Toyota Corolla 2016 for sale in Mirpur A.K.",
			"image": "https://cache2.pakwheels.com/ad_pictures/5534/toyota-corolla-gli-vvti-2016-55345302.jpg",
			"vehicleTransmission": "Manual",
			"color": "Black",
			"bodyType": "Sedan",
			"vehicleEngine": {
				"@type": "EngineSpecification",
				"engineDisplacement": "1300cc"
			},
			"mileageFromOdometer": "109,000 km",
			"sellerLocation": " Mian Muhammad Road, Mirpur A.K. Azad Kashmir",
			"postedFrom": " Added via Phone",
			"keywords": "toyota corolla 2016 for sale, toyota corolla 2016, toyota corolla 2016 mirpur a.k., 2016 toyota corolla, toyota corolla for sale, used toyota corolla 2016",
			"extraFeatures": {
				"RegisteredIn": "Lahore",
				"Color": "Black",
				"Assembly": "Local",
				"EngineCapacity": "1300 cc",
				"BodyType": "Sedan",
				"LastUpdated:": "Aug 27, 2021",
				"AdRef#": "5364000"
			},
			"features": [
				"ABS",
				"AM/FM Radio",
				"Air Conditioning",
				"CD Player",
				"DVD Player",
				"Immobilizer Key",
				"Keyless Entry",
				"Power Locks",
				"Power Mirrors",
				"Power Steering",
				"Power Windows"
			],
			"adLastUpdated": "Aug 27, 2021",
			"price": 2500000,
			"priceCurrency": "PKR"
		},
		{
			"@type": "Car",
			"brand": {
				"@type": "Brand",
				"name": "Toyota"
			},
			"model": "Corolla",
			"description": "\r\nPlease read carefully \r\n\u2022\tCar can be seen in G-13 Islamabad, \r\n\u2022\tPleasure and charming drive\r\n\u2022\tWATER DROPPING ENGINE. \r\n\u2022\tIts Xli converted to Altis (Body kit)\r\n\u2022\tMostly driven within ISLAMABAD\r\n\u2022\tOwner was careful enough regarding maintenance\r\n\u2022\tIts full company maintained, Please Note\r\n\u2022\tNew tyres have been installed\r\n\u2022\tTrouble Free (Exterior + Mechanical wise)\r\n\u2022\tGet your Mechanic along with you for satisfying comments about the vehicle\r\n\u2022\tIts best car if someone wants to buy for A FAMILY USE\r\n\u2022\tSeeing is Believing\r\n\r\n\r\nFirst, drive the car and then make your mind \r\nWE ARE NOT IN A HURRY. IF WE DON\u2019T GET RIGHT QUOTATION we won't SELL THIS BEAUTY.\r\n\u2022\tWe bought Altis 1.6 cruistronic week ago THAT IS WHY WE ARE SELLING THIS BLACK BEAUTY\r\n",
			"itemCondition": "used",
			"modelDate": 2009,
			"manufacturer": "Toyota",
			"fuelType": "Petrol",
			"name": "Toyota Corolla 2009 for sale in Islamabad",
			"image": "https://cache3.pakwheels.com/ad_pictures/5509/toyota-corolla-xli-vvti-2009-55095937.jpg",
			"vehicleTransmission": "Manual",
			"color": "Black",
			"bodyType": "Sedan",
			"vehicleEngine": {
				"@type": "EngineSpecification",
				"engineDisplacement": "1300cc"
			},
			"mileageFromOdometer": "130,000 km",
			"sellerLocation": " G-13, Islamabad Islamabad",
			"postedFrom": "Added via Website",
			"keywords": "toyota corolla 2009 for sale, toyota corolla 2009, toyota corolla 2009 islamabad, 2009 toyota corolla, toyota corolla for sale, used toyota corolla 2009",
			"extraFeatures": {
				"RegisteredIn": "Islamabad",
				"Color": "Black",
				"Assembly": "Local",
				"EngineCapacity": "1300 cc",
				"BodyType": "Sedan",
				"LastUpdated:": "Aug 27, 2021",
				"AdRef#": "5345162"
			},
			"features": [
				"AM/FM Radio",
				"Air Conditioning",
				"CD Player",
				"Front Speakers",
				"Keyless Entry",
				"Power Locks",
				"Power Steering",
				"Rear Camera",
				"Rear Speakers"
			],
			"adLastUpdated": "Aug 27, 2021",
			"price": 1590000,
			"priceCurrency": "PKR"
		},
		{
			"@type": "Car",
			"brand": {
				"@type": "Brand",
				"name": "Suzuki"
			},
			"model": "Every",
			"description": "New tires installed recently .",
			"itemCondition": "used",
			"modelDate": 2013,
			"manufacturer": "Suzuki",
			"fuelType": "Petrol",
			"name": "Suzuki Every 2013 for sale in Gujrat",
			"image": "https://cache3.pakwheels.com/ad_pictures/5534/suzuki-every-join-2-2013-55345089.jpg",
			"vehicleTransmission": "Automatic",
			"color": "White",
			"bodyType": "Micro Van",
			"vehicleEngine": {
				"@type": "EngineSpecification",
				"engineDisplacement": "660cc"
			},
			"mileageFromOdometer": "100,000 km",
			"sellerLocation": " Bhimber Road, Gujrat Punjab",
			"postedFrom": " Added via Phone",
			"keywords": "suzuki every 2013 for sale, suzuki every 2013, suzuki every 2013 gujrat, 2013 suzuki every, suzuki every for sale, used suzuki every 2013",
			"extraFeatures": {
				"RegisteredIn": "Punjab",
				"Color": "White",
				"Assembly": "Imported",
				"EngineCapacity": "660 cc",
				"BodyType": "Micro Van",
				"LastUpdated:": "Aug 27, 2021",
				"AdRef#": "5363994"
			},
			"features": [
				"ABS",
				"AM/FM Radio",
				"Air Bags",
				"Air Conditioning",
				"Immobilizer Key",
				"Keyless Entry",
				"Power Locks",
				"Power Mirrors",
				"Power Steering",
				"Power Windows"
			],
			"adLastUpdated": "Aug 27, 2021",
			"price": 1330000,
			"priceCurrency": "PKR"
		},
		{
			"@type": "Car",
			"brand": {
				"@type": "Brand",
				"name": "Toyota"
			},
			"model": "Camry",
			"description": "After Market Alloy rims. Authorized dealership maintained. Original return file is available . All service history log maintained. Inside out fully original. Fitted with new tires. All taxes paid. Price is slightly negotiable. Sealed and powerful engine . Looking to sell the car urgently. Original book of this car is also available. Never been into any accident.",
			"itemCondition": "used",
			"modelDate": 2007,
			"manufacturer": "Toyota",
			"fuelType": "Petrol",
			"name": "Toyota Camry 2007 for sale in Islamabad",
			"image": "https://cache2.pakwheels.com/ad_pictures/5534/toyota-camry-g-30-2007-55345169.jpg",
			"vehicleTransmission": "Automatic",
			"color": "Black",
			"bodyType": "Sedan",
			"vehicleEngine": {
				"@type": "EngineSpecification",
				"engineDisplacement": "2400cc"
			},
			"mileageFromOdometer": "98,000 km",
			"sellerLocation": " E-11, Islamabad Islamabad",
			"postedFrom": " Added via Phone",
			"keywords": "toyota camry 2007 for sale, toyota camry 2007, toyota camry 2007 islamabad, 2007 toyota camry, toyota camry for sale, used toyota camry 2007",
			"extraFeatures": {
				"RegisteredIn": "Lahore",
				"Color": "Black",
				"Assembly": "Imported",
				"EngineCapacity": "2400 cc",
				"BodyType": "Sedan",
				"LastUpdated:": "Aug 27, 2021",
				"AdRef#": "5363992"
			},
			"features": [
				"ABS",
				"AM/FM Radio",
				"Air Bags",
				"Air Conditioning",
				"Alloy Rims",
				"CD Player",
				"DVD Player",
				"Immobilizer Key",
				"Keyless Entry",
				"Power Locks",
				"Power Mirrors",
				"Power Steering",
				"Power Windows",
				"Sun Roof"
			],
			"adLastUpdated": "Aug 27, 2021",
			"price": 2830000,
			"priceCurrency": "PKR"
		},
		{
			"@type": "Car",
			"brand": {
				"@type": "Brand",
				"name": "Master"
			},
			"model": "Foton",
			"description": "Foton m-280 100% original\nNew jangla perfect body\nFitted with new tires. Sealed and powerful engine. Original Book is available. Complete original file is availble. Token tax is up to date. Price is flexible. Need to sell the car urgently. ",
			"itemCondition": "used",
			"modelDate": 2018,
			"manufacturer": "Master",
			"fuelType": "Diesel",
			"name": "Master Foton 2018 for sale in Bhakkar",
			"image": "https://cache2.pakwheels.com/ad_pictures/5534/master-foton-m-280-2018-55345366.jpg",
			"vehicleTransmission": "Manual",
			"color": "White",
			"bodyType": "Truck",
			"vehicleEngine": {
				"@type": "EngineSpecification",
				"engineDisplacement": "2800cc"
			},
			"mileageFromOdometer": "120,000 km",
			"sellerLocation": " Bhakkar Punjab",
			"postedFrom": "Added via Website",
			"keywords": "master foton 2018 for sale, master foton 2018, master foton 2018 bhakkar, 2018 master foton, master foton for sale, used master foton 2018",
			"extraFeatures": {
				"RegisteredIn": "Faisalabad",
				"Color": "White",
				"Assembly": "Local",
				"EngineCapacity": "2800 cc",
				"BodyType": "Truck",
				"LastUpdated:": "Aug 27, 2021",
				"AdRef#": "5363991"
			},
			"features": [],
			"adLastUpdated": "Aug 27, 2021",
			"price": 1950000,
			"priceCurrency": "PKR"
		},
		{
			"@type": "Car",
			"brand": {
				"@type": "Brand",
				"name": "Toyota"
			},
			"model": "Vitz",
			"description": "vitz car model 2014 \nimport 2018\nIslamabad registration smart card\npush start \nkey less entry\nsilent 1000 cc engine\nno touching no colour\nno accident \nin family use \nlcd and back camera installed \nin excellent condition \n100 % original condition 100% original. Alloy Rims. Totally driven on petrol. Engine in pristine condition. Never got into accident. Lifetime token tax paid. Will be sold to nearest offer. Looking to sell the car urgently.",
			"itemCondition": "used",
			"modelDate": 2014,
			"manufacturer": "Toyota",
			"fuelType": "Petrol",
			"name": "Toyota Vitz 2014 for sale in Peshawar",
			"image": "https://cache4.pakwheels.com/ad_pictures/5534/toyota-vitz-1-0-f-2014-55344530.jpg",
			"vehicleTransmission": "Automatic",
			"color": "Yellow",
			"bodyType": "Hatchback",
			"vehicleEngine": {
				"@type": "EngineSpecification",
				"engineDisplacement": "1000cc"
			},
			"mileageFromOdometer": "40,000 km",
			"sellerLocation": " University Road, Peshawar KPK",
			"postedFrom": "Added via Website",
			"keywords": "toyota vitz 2014 for sale, toyota vitz 2014, toyota vitz 2014 peshawar, 2014 toyota vitz, toyota vitz for sale, used toyota vitz 2014",
			"extraFeatures": {
				"RegisteredIn": "Islamabad",
				"Color": "Yellow",
				"Assembly": "Imported",
				"EngineCapacity": "1000 cc",
				"BodyType": "Hatchback",
				"LastUpdated:": "Aug 27, 2021",
				"AdRef#": "5363983"
			},
			"features": [
				"ABS",
				"AM/FM Radio",
				"Air Bags",
				"Air Conditioning",
				"Alloy Rims",
				"Keyless Entry",
				"Navigation System",
				"Power Locks",
				"Power Mirrors",
				"Power Steering",
				"Power Windows"
			],
			"adLastUpdated": "Aug 27, 2021",
			"price": 2150000,
			"priceCurrency": "PKR"
		},
		{
			"@type": "Car",
			"brand": {
				"@type": "Brand",
				"name": "Suzuki"
			},
			"model": "Wagon R",
			"description": "Alloy Rims , First owner , family car 100% original. Totally driven on petrol. New tires installed recently. Engine in pristine condition. Never been into any accident. Original Book is available as well. Complete original file is availble. All taxes paid. Will be sold to nearest offer. Looking to sell the car urgently. Minor Touchups.",
			"itemCondition": "used",
			"modelDate": 2018,
			"manufacturer": "Suzuki",
			"fuelType": "Petrol",
			"name": "Suzuki Wagon R 2018 for sale in Multan",
			"vehicleTransmission": "Manual",
			"color": "Grey",
			"bodyType": "Hatchback",
			"vehicleEngine": {
				"@type": "EngineSpecification",
				"engineDisplacement": "1000cc"
			},
			"mileageFromOdometer": "88,000 km",
			"sellerLocation": " Multan Punjab",
			"postedFrom": "Added via Website",
			"keywords": "suzuki wagon r 2018 for sale, suzuki wagon r 2018, suzuki wagon r 2018 multan, 2018 suzuki wagon r, suzuki wagon r for sale, used suzuki wagon r 2018",
			"extraFeatures": {
				"RegisteredIn": "Abbottabad",
				"Color": "Grey",
				"Assembly": "Local",
				"EngineCapacity": "1000 cc",
				"BodyType": "Hatchback",
				"LastUpdated:": "Aug 27, 2021",
				"AdRef#": "5363981"
			},
			"features": [
				"AM/FM Radio",
				"Air Bags",
				"Air Conditioning",
				"Alloy Rims",
				"CD Player",
				"Immobilizer Key",
				"Keyless Entry",
				"Power Locks",
				"Power Steering",
				"Power Windows"
			],
			"adLastUpdated": "Aug 27, 2021",
			"price": 1650000,
			"priceCurrency": "PKR",
			"image": null
		},
		{
			"@type": "Car",
			"brand": {
				"@type": "Brand",
				"name": "Honda"
			},
			"model": "Civic",
			"description": "Full modified car best in town\nMultimedia power steering \nPower Windows sun roof \nLight weight alloy wheels and new tires installed\nAndroid panel installed with heavy sound system \nBody kits are installed \nNew leather poshish done\nSeeing is believing home used maintain car \nNo work is required",
			"itemCondition": "used",
			"modelDate": 2000,
			"manufacturer": "Honda",
			"fuelType": "Petrol",
			"name": "Honda Civic 2000 for sale in Rawalpindi",
			"image": "https://cache2.pakwheels.com/ad_pictures/5534/honda-civic-vti-oriel-automatic-2000-55344700.jpg",
			"vehicleTransmission": "Automatic",
			"color": "White",
			"bodyType": "Sedan",
			"vehicleEngine": {
				"@type": "EngineSpecification",
				"engineDisplacement": "1600cc"
			},
			"mileageFromOdometer": "100,000 km",
			"sellerLocation": " Rawalpindi Punjab",
			"postedFrom": "Added via Website",
			"keywords": "honda civic 2000 for sale, honda civic 2000, honda civic 2000 rawalpindi, 2000 honda civic, honda civic for sale, used honda civic 2000",
			"extraFeatures": {
				"RegisteredIn": "Lahore",
				"Color": "White",
				"Assembly": "Local",
				"EngineCapacity": "1600 cc",
				"BodyType": "Sedan",
				"LastUpdated:": "Aug 27, 2021",
				"AdRef#": "5363982"
			},
			"features": [
				"ABS",
				"AM/FM Radio",
				"Air Conditioning",
				"Alloy Rims",
				"Cassette Player",
				"Power Locks",
				"Power Mirrors",
				"Power Steering",
				"Power Windows",
				"Sun Roof"
			],
			"adLastUpdated": "Aug 27, 2021",
			"price": 1200000,
			"priceCurrency": "PKR"
		},
		{
			"@type": "Car",
			"brand": {
				"@type": "Brand",
				"name": "Toyota"
			},
			"model": "Vitz",
			"description": "4.5 Grade.Un Registered. Push Start. Just like a Zero Meter car. After Market Alloy rims. Auction sheet avaialble. Just Import.",
			"itemCondition": "used",
			"modelDate": 2018,
			"manufacturer": "Toyota",
			"fuelType": "Petrol",
			"name": "Toyota Vitz 2018 for sale in Karachi",
			"image": "https://cache1.pakwheels.com/ad_pictures/5534/toyota-vitz-2018-55345185.jpg",
			"vehicleTransmission": "Automatic",
			"color": "Black",
			"vehicleEngine": {
				"@type": "EngineSpecification",
				"engineDisplacement": "1000cc"
			},
			"mileageFromOdometer": "17,000 km",
			"sellerLocation": " Khalid Bin Walid Road, Karachi Sindh",
			"postedFrom": "Added via Website",
			"keywords": "toyota vitz 2018 for sale, toyota vitz 2018, toyota vitz 2018 karachi, 2018 toyota vitz, toyota vitz for sale, used toyota vitz 2018",
			"extraFeatures": {
				"RegisteredIn": "Adda jahan khan",
				"Color": "Black",
				"Assembly": "Imported",
				"EngineCapacity": "1000 cc",
				"BodyType": "N/A",
				"LastUpdated:": "Aug 27, 2021",
				"AdRef#": "5363979"
			},
			"features": [
				"ABS",
				"Air Bags",
				"Air Conditioning",
				"Alloy Rims",
				"CD Player",
				"DVD Player",
				"Immobilizer Key",
				"Keyless Entry",
				"Power Locks",
				"Power Mirrors",
				"Power Steering",
				"Power Windows"
			],
			"adLastUpdated": "Aug 27, 2021",
			"price": 2725000,
			"priceCurrency": "PKR"
		},
		{
			"@type": "Car",
			"brand": {
				"@type": "Brand",
				"name": "Daihatsu"
			},
			"model": "Cuore",
			"description": "1. Automatic Coure 2001\r\n2. Power Windows/Steering\r\n3. Keyless Entry\r\n4. Outer Touching\r\n5. Inner Genuine\r\n6.LHR no\r\n7. Tyres 8/10\r\n8. Alloy Rims\r\n9.CNG ",
			"itemCondition": "used",
			"modelDate": 2002,
			"manufacturer": "Daihatsu",
			"fuelType": "Petrol",
			"name": "Daihatsu Cuore 2002 for sale in Rawalpindi",
			"image": "https://cache3.pakwheels.com/ad_pictures/5534/daihatsu-cuore-cx-a-t-2002-55345008.jpg",
			"vehicleTransmission": "Automatic",
			"color": "White",
			"bodyType": "Hatchback",
			"vehicleEngine": {
				"@type": "EngineSpecification",
				"engineDisplacement": "800cc"
			},
			"mileageFromOdometer": "100,000 km",
			"sellerLocation": " Farooq-e-Azam Road, Rawalpindi Punjab",
			"postedFrom": "Added via Website",
			"keywords": "daihatsu cuore 2002 for sale, daihatsu cuore 2002, daihatsu cuore 2002 rawalpindi, 2002 daihatsu cuore, daihatsu cuore for sale, used daihatsu cuore 2002",
			"extraFeatures": {
				"RegisteredIn": "Lahore",
				"Color": "White",
				"Assembly": "Local",
				"EngineCapacity": "800 cc",
				"BodyType": "Hatchback",
				"LastUpdated:": "Aug 27, 2021",
				"AdRef#": "5363977"
			},
			"features": [
				"Power Mirrors"
			],
			"adLastUpdated": "Aug 27, 2021",
			"price": 620000,
			"priceCurrency": "PKR"
		},
		{
			"@type": "Car",
			"brand": {
				"@type": "Brand",
				"name": "Toyota"
			},
			"model": "Corolla",
			"description": "alloy rim  lcd. Lightweight allow rims . Everything is in genuine condition . All original documents are complete  . Complete service details available. Totally driven on petrol.",
			"itemCondition": "used",
			"modelDate": 2015,
			"manufacturer": "Toyota",
			"fuelType": "Petrol",
			"name": "Toyota Corolla 2015 for sale in Kasur",
			"image": "https://cache1.pakwheels.com/ad_pictures/5534/toyota-corolla-gli-vvti-2015-55344733.jpg",
			"vehicleTransmission": "Manual",
			"color": "Silver",
			"bodyType": "Sedan",
			"vehicleEngine": {
				"@type": "EngineSpecification",
				"engineDisplacement": "1300cc"
			},
			"mileageFromOdometer": "160,000 km",
			"sellerLocation": " Kanganpur, Kasur Punjab",
			"postedFrom": " Added via Phone",
			"keywords": "toyota corolla 2015 for sale, toyota corolla 2015, toyota corolla 2015 kasur, 2015 toyota corolla, toyota corolla for sale, used toyota corolla 2015",
			"extraFeatures": {
				"RegisteredIn": "Islamabad",
				"Color": "Silver",
				"Assembly": "Local",
				"EngineCapacity": "1300 cc",
				"BodyType": "Sedan",
				"LastUpdated:": "Aug 27, 2021",
				"AdRef#": "5363971"
			},
			"features": [
				"ABS",
				"AM/FM Radio",
				"Air Conditioning",
				"CD Player",
				"DVD Player",
				"Immobilizer Key",
				"Power Locks",
				"Power Mirrors",
				"Power Steering",
				"Power Windows"
			],
			"adLastUpdated": "Aug 27, 2021",
			"price": 2390000,
			"priceCurrency": "PKR"
		},
		{
			"@type": "Car",
			"brand": {
				"@type": "Brand",
				"name": "Toyota"
			},
			"model": "Prado",
			"description": "TXL 2016 5 Seater Sunroof \r\nImport July 2021 \r\n4.5 grade with verifiable auction sheet ",
			"itemCondition": "used",
			"modelDate": 2016,
			"manufacturer": "Toyota",
			"fuelType": "Petrol",
			"name": "Toyota Prado 2016 for sale in Lahore",
			"image": "https://cache2.pakwheels.com/ad_pictures/5371/toyota-prado-tx-limited-3-2016-53716621.jpg",
			"vehicleTransmission": "Automatic",
			"color": "Black",
			"bodyType": "SUV",
			"vehicleEngine": {
				"@type": "EngineSpecification",
				"engineDisplacement": "2700cc"
			},
			"mileageFromOdometer": "52,000 km",
			"sellerLocation": " DHA Defence, Lahore Punjab",
			"postedFrom": " Added via Phone",
			"keywords": "toyota prado 2016 for sale, toyota prado 2016, toyota prado 2016 lahore, 2016 toyota prado, toyota prado for sale, used toyota prado 2016",
			"extraFeatures": {
				"RegisteredIn": "Un-Registered",
				"Color": "Black",
				"Assembly": "Imported",
				"EngineCapacity": "2700 cc",
				"BodyType": "SUV",
				"LastUpdated:": "Aug 27, 2021",
				"AdRef#": "5240077"
			},
			"features": [
				"ABS",
				"AM/FM Radio",
				"Air Bags",
				"Air Conditioning",
				"Alloy Rims",
				"CD Player",
				"Cruise Control",
				"DVD Player",
				"Immobilizer Key",
				"Keyless Entry",
				"Navigation System",
				"Power Locks",
				"Power Mirrors",
				"Power Steering",
				"Power Windows",
				"Sun Roof"
			],
			"adLastUpdated": "Aug 27, 2021",
			"price": 16300000,
			"priceCurrency": "PKR"
		},
		{
			"@type": "Car",
			"brand": {
				"@type": "Brand",
				"name": "Honda"
			},
			"model": "City",
			"description": "2nd owner family used car just buy & drive on work required model 15 registered 16 Few paint touchups on the body   Exchange is possible with aqua & reborn ",
			"itemCondition": "used",
			"modelDate": 2016,
			"manufacturer": "Honda",
			"fuelType": "Petrol",
			"name": "Honda City 2016 for sale in Sukkur",
			"image": "https://cache3.pakwheels.com/ad_pictures/4844/honda-city-i-vtec-2-2016-48440925.jpg",
			"vehicleTransmission": "Manual",
			"color": "White",
			"bodyType": "Sedan",
			"vehicleEngine": {
				"@type": "EngineSpecification",
				"engineDisplacement": "1300cc"
			},
			"mileageFromOdometer": "140,000 km",
			"sellerLocation": " Masoom Shah Minar Road, Sukkur Sindh",
			"postedFrom": " Added via Phone",
			"keywords": "honda city 2016 for sale, honda city 2016, honda city 2016 sukkur, 2016 honda city, honda city for sale, used honda city 2016",
			"extraFeatures": {
				"RegisteredIn": "Lahore",
				"Color": "White",
				"Assembly": "Local",
				"EngineCapacity": "1300 cc",
				"BodyType": "Sedan",
				"LastUpdated:": "Aug 27, 2021",
				"AdRef#": "4838141"
			},
			"features": [
				"ABS",
				"AM/FM Radio",
				"Air Conditioning",
				"CD Player",
				"DVD Player",
				"Immobilizer Key",
				"Keyless Entry",
				"Navigation System",
				"Power Locks",
				"Power Mirrors",
				"Power Steering",
				"Power Windows"
			],
			"adLastUpdated": "Aug 27, 2021",
			"price": 2200000,
			"priceCurrency": "PKR"
		},
		{
			"@type": "Car",
			"brand": {
				"@type": "Brand",
				"name": "Suzuki"
			},
			"model": "Bolan",
			"description": "Suzuki Bolan 19 Model.\r\nRawalpindi Registered.\r\nTotally Genuine No touching .\r\nSmart card available.\r\nEngine +gear +hissa +battery  100%.\r\nNew tyres .\r\nAlloy Rim.\r\n Vip Sofa Seats .\r\nWell maintained vehicle .\r\n\r\nContact Number : Zero three three one five one one four two nine nine.\r\n\r\nOnly serious buyer can contact .\r\nPrice is  slightly negotiable .",
			"itemCondition": "used",
			"modelDate": 2019,
			"manufacturer": "Suzuki",
			"fuelType": "Petrol",
			"name": "Suzuki Bolan 2019 for sale in Rawalpindi",
			"image": "https://cache3.pakwheels.com/ad_pictures/5531/suzuki-bolan-vx-euro-ii-2-2019-55310448.jpg",
			"vehicleTransmission": "Manual",
			"color": "White",
			"bodyType": "Van",
			"vehicleEngine": {
				"@type": "EngineSpecification",
				"engineDisplacement": "800cc"
			},
			"mileageFromOdometer": "12,000 km",
			"sellerLocation": " Kahuta Road, Rawalpindi Punjab",
			"postedFrom": " Added via Phone",
			"keywords": "suzuki bolan 2019 for sale, suzuki bolan 2019, suzuki bolan 2019 rawalpindi, 2019 suzuki bolan, suzuki bolan for sale, used suzuki bolan 2019",
			"extraFeatures": {
				"RegisteredIn": "Rawalpindi",
				"Color": "White",
				"Assembly": "Local",
				"EngineCapacity": "800 cc",
				"BodyType": "Van",
				"LastUpdated:": "Aug 27, 2021",
				"AdRef#": "5361482"
			},
			"features": [
				"AM/FM Radio",
				"Immobilizer Key"
			],
			"adLastUpdated": "Aug 27, 2021",
			"price": 1120000,
			"priceCurrency": "PKR"
		},
		{
			"@type": "Car",
			"brand": {
				"@type": "Brand",
				"name": "Toyota"
			},
			"model": "Corolla",
			"description": "Car is in its original condition inside and outside",
			"itemCondition": "used",
			"modelDate": 1999,
			"manufacturer": "Toyota",
			"fuelType": "Diesel",
			"name": "Toyota Corolla 1999 for sale in Lower Dir",
			"image": "https://cache1.pakwheels.com/ad_pictures/5531/toyota-corolla-2-0d-1999-55311055.jpg",
			"vehicleTransmission": "Manual",
			"color": "White",
			"bodyType": "Sedan",
			"vehicleEngine": {
				"@type": "EngineSpecification",
				"engineDisplacement": "2000cc"
			},
			"mileageFromOdometer": "123,456 km",
			"sellerLocation": " Lower Dir KPK",
			"postedFrom": " Added via Phone",
			"keywords": "toyota corolla 1999 for sale, toyota corolla 1999, toyota corolla 1999 lower dir, 1999 toyota corolla, toyota corolla for sale, used toyota corolla 1999",
			"extraFeatures": {
				"RegisteredIn": "Swat",
				"Color": "White",
				"Assembly": "Local",
				"EngineCapacity": "2000 cc",
				"BodyType": "Sedan",
				"LastUpdated:": "Aug 27, 2021",
				"AdRef#": "5361543"
			},
			"features": [
				"AM/FM Radio",
				"Air Conditioning",
				"Cassette Player"
			],
			"adLastUpdated": "Aug 27, 2021",
			"price": 1000000,
			"priceCurrency": "PKR"
		},
		{
			"@type": "Car",
			"brand": {
				"@type": "Brand",
				"name": "Toyota"
			},
			"model": "Corolla",
			"description": "Toyota Corolla touring ,pearl white,1800 cc hybrid , fresh import , verifiable auction sheet available, heated seats + steering,cruise control with no limit,blind spot monitoring mirrors , excellent fuel average .",
			"itemCondition": "used",
			"modelDate": 2019,
			"manufacturer": "Toyota",
			"fuelType": "Hybrid",
			"name": "Toyota Corolla 2019 for sale in Rawalpindi",
			"image": "https://cache3.pakwheels.com/ad_pictures/5218/toyota-corolla-2019-52180762.jpg",
			"vehicleTransmission": "Automatic",
			"color": "White",
			"vehicleEngine": {
				"@type": "EngineSpecification",
				"engineDisplacement": "1800cc"
			},
			"mileageFromOdometer": "10,000 km",
			"sellerLocation": " Chaklala Scheme, Rawalpindi Punjab",
			"postedFrom": " Added via Phone",
			"keywords": "toyota corolla 2019 for sale, toyota corolla 2019, toyota corolla 2019 rawalpindi, 2019 toyota corolla, toyota corolla for sale, used toyota corolla 2019",
			"extraFeatures": {
				"RegisteredIn": "Un-Registered",
				"Color": "White",
				"Assembly": "Imported",
				"EngineCapacity": "1800 cc",
				"BodyType": "N/A",
				"LastUpdated:": "Sep 22, 2021",
				"AdRef#": "5122648"
			},
			"features": [
				"ABS",
				"AM/FM Radio",
				"Air Bags",
				"Air Conditioning",
				"Alloy Rims",
				"Cruise Control",
				"Immobilizer Key",
				"Keyless Entry",
				"Navigation System",
				"Power Locks",
				"Power Mirrors",
				"Power Steering",
				"Power Windows"
			],
			"adLastUpdated": "Sep 22, 2021",
			"price": 6950000,
			"priceCurrency": "PKR"
		},
		{
			"@type": "Car",
			"brand": {
				"@type": "Brand",
				"name": "Haval"
			},
			"model": "Jolion",
			"description": "Haval jolion 1.5 turbo Automatic colour white. Delivery from dealership. Demand 6375000\r\nCall at .....",
			"itemCondition": "used",
			"modelDate": 2021,
			"manufacturer": "Haval",
			"fuelType": "Petrol",
			"name": "Haval Jolion 2021 for sale in Lahore",
			"image": "https://cache4.pakwheels.com/ad_pictures/5661/haval-jolion-top-2021-56614410.jpg",
			"vehicleTransmission": "Automatic",
			"color": "White",
			"bodyType": "Crossover",
			"vehicleEngine": {
				"@type": "EngineSpecification",
				"engineDisplacement": "1500cc"
			},
			"mileageFromOdometer": "5 km",
			"sellerLocation": " Queens Road, Lahore Punjab",
			"postedFrom": " Added via Phone",
			"keywords": "haval jolion 2021 for sale, haval jolion 2021, haval jolion 2021 lahore, 2021 haval jolion, haval jolion for sale, used haval jolion 2021",
			"extraFeatures": {
				"RegisteredIn": "Un-Registered",
				"Color": "White",
				"Assembly": "Imported",
				"EngineCapacity": "1500 cc",
				"BodyType": "Crossover",
				"LastUpdated:": "Sep 22, 2021",
				"AdRef#": "5460254"
			},
			"features": [
				"ABS",
				"AM/FM Radio",
				"Air Bags",
				"Air Conditioning",
				"Alloy Rims",
				"CD Player",
				"Cruise Control",
				"DVD Player",
				"Immobilizer Key",
				"Keyless Entry",
				"Navigation System",
				"Power Locks",
				"Power Mirrors",
				"Power Steering",
				"Power Windows",
				"Sun Roof"
			],
			"adLastUpdated": "Sep 22, 2021",
			"price": 6375000,
			"priceCurrency": "PKR"
		},
		{
			"@type": "Car",
			"brand": {
				"@type": "Brand",
				"name": "Haval"
			},
			"model": "Jolion",
			"description": "Haval jolion 1.5 turbo Automatic colour black.Delivery from dealership. Demand 6375000\r\nCall at ....",
			"itemCondition": "used",
			"modelDate": 2021,
			"manufacturer": "Haval",
			"fuelType": "Petrol",
			"name": "Haval Jolion 2021 for sale in Lahore",
			"image": "https://cache3.pakwheels.com/ad_pictures/5661/haval-jolion-top-2021-56613982.jpg",
			"vehicleTransmission": "Manual",
			"color": "Black",
			"bodyType": "Crossover",
			"vehicleEngine": {
				"@type": "EngineSpecification",
				"engineDisplacement": "1500cc"
			},
			"mileageFromOdometer": "5 km",
			"sellerLocation": " Queens Road, Lahore Punjab",
			"postedFrom": " Added via Phone",
			"keywords": "haval jolion 2021 for sale, haval jolion 2021, haval jolion 2021 lahore, 2021 haval jolion, haval jolion for sale, used haval jolion 2021",
			"extraFeatures": {
				"RegisteredIn": "Un-Registered",
				"Color": "Black",
				"Assembly": "Imported",
				"EngineCapacity": "1500 cc",
				"BodyType": "Crossover",
				"LastUpdated:": "Sep 22, 2021",
				"AdRef#": "5460216"
			},
			"features": [
				"ABS",
				"AM/FM Radio",
				"Air Bags",
				"Air Conditioning",
				"Alloy Rims",
				"CD Player",
				"Cruise Control",
				"DVD Player",
				"Immobilizer Key",
				"Keyless Entry",
				"Power Locks",
				"Power Mirrors",
				"Power Steering",
				"Power Windows",
				"Sun Roof"
			],
			"adLastUpdated": "Sep 22, 2021",
			"price": 6375000,
			"priceCurrency": "PKR"
		},
		{
			"@type": "Car",
			"brand": {
				"@type": "Brand",
				"name": "MG"
			},
			"model": "HS",
			"description": "FIRST OWNER\n\n Everything is in genuine condition.",
			"itemCondition": "used",
			"modelDate": 2021,
			"manufacturer": "MG",
			"fuelType": "Petrol",
			"name": "MG HS 2021 for sale in Faisalabad",
			"image": "https://cache4.pakwheels.com/ad_pictures/5660/mg-hs-2-1-5-turbo-2021-56605673.jpg",
			"vehicleTransmission": "Automatic",
			"color": "White",
			"bodyType": "SUV",
			"vehicleEngine": {
				"@type": "EngineSpecification",
				"engineDisplacement": "1500cc"
			},
			"mileageFromOdometer": "1,500 km",
			"sellerLocation": " Faisalabad Punjab",
			"postedFrom": "Added via Website",
			"keywords": "mg hs 2021 for sale, mg hs 2021, mg hs 2021 faisalabad, 2021 mg hs, mg hs for sale, used mg hs 2021",
			"extraFeatures": {
				"RegisteredIn": "Abbottabad",
				"Color": "White",
				"Assembly": "Local",
				"EngineCapacity": "1500 cc",
				"BodyType": "SUV",
				"LastUpdated:": "Sep 22, 2021",
				"AdRef#": "5459533"
			},
			"features": [
				"ABS",
				"AM/FM Radio",
				"Air Bags",
				"Air Conditioning",
				"Alloy Rims",
				"CoolBox",
				"Cruise Control",
				"Immobilizer Key",
				"Keyless Entry",
				"Navigation System",
				"Power Locks",
				"Power Mirrors",
				"Power Steering",
				"Power Windows",
				"Sun Roof"
			],
			"adLastUpdated": "Sep 22, 2021",
			"price": 6030000,
			"priceCurrency": "PKR"
		},
		{
			"@type": "Car",
			"brand": {
				"@type": "Brand",
				"name": "Suzuki"
			},
			"model": "Baleno",
			"description": "Good Condition \r\nOrginal Color\r\nComplete origional documents\r\nneat & clean car\r\nAC chill",
			"itemCondition": "used",
			"modelDate": 2005,
			"manufacturer": "Suzuki",
			"fuelType": "Petrol",
			"name": "Suzuki Baleno 2005 for sale in Faisalabad",
			"image": "https://cache4.pakwheels.com/ad_pictures/5661/suzuki-baleno-2005-56617400.jpg",
			"vehicleTransmission": "Manual",
			"color": "Silver",
			"vehicleEngine": {
				"@type": "EngineSpecification",
				"engineDisplacement": "1300cc"
			},
			"mileageFromOdometer": "150,000 km",
			"sellerLocation": " Ghulam Muhammad Abad, Faisalabad Punjab",
			"postedFrom": "Added via Website",
			"keywords": "suzuki baleno 2005 for sale, suzuki baleno 2005, suzuki baleno 2005 faisalabad, 2005 suzuki baleno, suzuki baleno for sale, used suzuki baleno 2005",
			"extraFeatures": {
				"RegisteredIn": "Islamabad",
				"Color": "Silver",
				"Assembly": "Local",
				"EngineCapacity": "1300 cc",
				"BodyType": "N/A",
				"LastUpdated:": "Sep 22, 2021",
				"AdRef#": "5460509"
			},
			"features": [
				"AM/FM Radio",
				"Air Conditioning",
				"Alloy Rims"
			],
			"adLastUpdated": "Sep 22, 2021",
			"price": 825000,
			"priceCurrency": "PKR"
		},
		{
			"@type": "Car",
			"brand": {
				"@type": "Brand",
				"name": "Honda"
			},
			"model": "Civic",
			"description": "Second Owner car\nEngine:9/10\nBody is showered for fresh look.\nAll token taxes paid.\nMultimedia installed\nExchange is also possible with Honda City.",
			"itemCondition": "used",
			"modelDate": 2005,
			"manufacturer": "Honda",
			"fuelType": "Petrol",
			"name": "Honda Civic 2005 for sale in Lahore",
			"image": "https://cache2.pakwheels.com/ad_pictures/5661/honda-civic-exi-prosmatic-2005-56617887.jpg",
			"vehicleTransmission": "Automatic",
			"color": "White",
			"bodyType": "Sedan",
			"vehicleEngine": {
				"@type": "EngineSpecification",
				"engineDisplacement": "1500cc"
			},
			"mileageFromOdometer": "135,000 km",
			"sellerLocation": " Walton Railway Officers Colony, Lahore Punjab",
			"postedFrom": " Added via Phone",
			"keywords": "honda civic 2005 for sale, honda civic 2005, honda civic 2005 lahore, 2005 honda civic, honda civic for sale, used honda civic 2005",
			"extraFeatures": {
				"RegisteredIn": "Lahore",
				"Color": "White",
				"Assembly": "Local",
				"EngineCapacity": "1500 cc",
				"BodyType": "Sedan",
				"LastUpdated:": "Sep 22, 2021",
				"AdRef#": "5460545"
			},
			"features": [
				"AM/FM Radio",
				"Air Conditioning",
				"Immobilizer Key",
				"Power Locks",
				"Power Mirrors",
				"Power Steering",
				"Power Windows"
			],
			"adLastUpdated": "Sep 22, 2021",
			"price": 1190000,
			"priceCurrency": "PKR"
		},
		{
			"@type": "Car",
			"brand": {
				"@type": "Brand",
				"name": "Suzuki"
			},
			"model": "Mehran",
			"description": "Everything is OK  Inside out fully original.",
			"itemCondition": "used",
			"modelDate": 2019,
			"manufacturer": "Suzuki",
			"fuelType": "Petrol",
			"name": "Suzuki Mehran 2019 for sale in Melsi",
			"vehicleTransmission": "Manual",
			"color": "Silver",
			"bodyType": "Hatchback",
			"vehicleEngine": {
				"@type": "EngineSpecification",
				"engineDisplacement": "800cc"
			},
			"mileageFromOdometer": "40,000 km",
			"sellerLocation": " Tibba Sultanpur, Melsi Punjab",
			"postedFrom": "Added via Website",
			"keywords": "suzuki mehran 2019 for sale, suzuki mehran 2019, suzuki mehran 2019 melsi, 2019 suzuki mehran, suzuki mehran for sale, used suzuki mehran 2019",
			"extraFeatures": {
				"RegisteredIn": "Abbottabad",
				"Color": "Silver",
				"Assembly": "Local",
				"EngineCapacity": "800 cc",
				"BodyType": "Hatchback",
				"LastUpdated:": "Sep 22, 2021",
				"AdRef#": "5460165"
			},
			"features": [
				"AM/FM Radio",
				"Air Conditioning",
				"Immobilizer Key"
			],
			"adLastUpdated": "Sep 22, 2021",
			"price": 1050000,
			"priceCurrency": "PKR",
			"image": null
		},
		{
			"@type": "Car",
			"brand": {
				"@type": "Brand",
				"name": "Suzuki"
			},
			"model": "Cultus",
			"description": "Suzuki Cultus in very good condition. ",
			"itemCondition": "used",
			"modelDate": 2012,
			"manufacturer": "Suzuki",
			"fuelType": "Petrol",
			"name": "Suzuki Cultus 2012 for sale in Sialkot",
			"image": "https://cache4.pakwheels.com/ad_pictures/5661/suzuki-cultus-vxri-cng-2012-56617843.jpg",
			"vehicleTransmission": "Manual",
			"color": "Grey",
			"bodyType": "Hatchback",
			"vehicleEngine": {
				"@type": "EngineSpecification",
				"engineDisplacement": "1000cc"
			},
			"mileageFromOdometer": "77,000 km",
			"sellerLocation": " Sialkot Punjab",
			"postedFrom": " Added via Phone",
			"keywords": "suzuki cultus 2012 for sale, suzuki cultus 2012, suzuki cultus 2012 sialkot, 2012 suzuki cultus, suzuki cultus for sale, used suzuki cultus 2012",
			"extraFeatures": {
				"RegisteredIn": "Sialkot",
				"Color": "Grey",
				"Assembly": "Local",
				"EngineCapacity": "1000 cc",
				"BodyType": "Hatchback",
				"LastUpdated:": "Sep 22, 2021",
				"AdRef#": "5460540"
			},
			"features": [
				"AM/FM Radio",
				"Air Conditioning",
				"CD Player"
			],
			"adLastUpdated": "Sep 22, 2021",
			"price": 1095000,
			"priceCurrency": "PKR"
		},
		{
			"@type": "Car",
			"brand": {
				"@type": "Brand",
				"name": "Suzuki"
			},
			"model": "Alto",
			"description": "mechanically+suspension 100%\nnon accident\nseal by seal\nchilled ac\nnew tyres with alloy rim\nbook file genuine,life time token paid",
			"itemCondition": "used",
			"modelDate": 2009,
			"manufacturer": "Suzuki",
			"fuelType": "Petrol",
			"name": "Suzuki Alto 2009 for sale in Islamabad",
			"image": "https://cache1.pakwheels.com/ad_pictures/5661/suzuki-alto-vxr-2-2009-56617536.jpg",
			"vehicleTransmission": "Manual",
			"color": "Grey",
			"bodyType": "Hatchback",
			"vehicleEngine": {
				"@type": "EngineSpecification",
				"engineDisplacement": "1000cc"
			},
			"mileageFromOdometer": "120,000 km",
			"sellerLocation": " G-15, Islamabad Islamabad",
			"postedFrom": " Added via Phone",
			"keywords": "suzuki alto 2009 for sale, suzuki alto 2009, suzuki alto 2009 islamabad, 2009 suzuki alto, suzuki alto for sale, used suzuki alto 2009",
			"extraFeatures": {
				"RegisteredIn": "Faisalabad",
				"Color": "Grey",
				"Assembly": "Local",
				"EngineCapacity": "1000 cc",
				"BodyType": "Hatchback",
				"LastUpdated:": "Sep 22, 2021",
				"AdRef#": "5460535"
			},
			"features": [
				"AM/FM Radio",
				"Air Conditioning"
			],
			"adLastUpdated": "Sep 22, 2021",
			"price": 690000,
			"priceCurrency": "PKR"
		},
		{
			"@type": "Car",
			"brand": {
				"@type": "Brand",
				"name": "Suzuki"
			},
			"model": "Cultus",
			"description": "total genioun car just left fender is spray \nnon accident guarantee , genioun and fully neat and clean.no need of paint or spray, mechanically fully superbed\nac,heater fully on working\ntyers are excellent condition\nbook file genioun\ntoken life time paid\npower window,power staring fully on working . price is slightly negotiable .....just call no sma plz",
			"itemCondition": "used",
			"modelDate": 2008,
			"manufacturer": "Suzuki",
			"fuelType": "Petrol",
			"name": "Suzuki Cultus 2008 for sale in Lahore",
			"image": "https://cache3.pakwheels.com/ad_pictures/5661/suzuki-cultus-vxli-2-2008-56617786.jpg",
			"vehicleTransmission": "Manual",
			"color": "White",
			"bodyType": "Hatchback",
			"vehicleEngine": {
				"@type": "EngineSpecification",
				"engineDisplacement": "1000cc"
			},
			"mileageFromOdometer": "125,000 km",
			"sellerLocation": " Allama Iqbal Town, Lahore Punjab",
			"postedFrom": " Added via Phone",
			"keywords": "suzuki cultus 2008 for sale, suzuki cultus 2008, suzuki cultus 2008 lahore, 2008 suzuki cultus, suzuki cultus for sale, used suzuki cultus 2008",
			"extraFeatures": {
				"RegisteredIn": "Lahore",
				"Color": "White",
				"Assembly": "Local",
				"EngineCapacity": "1000 cc",
				"BodyType": "Hatchback",
				"LastUpdated:": "Sep 22, 2021",
				"AdRef#": "5460533"
			},
			"features": [
				"AM/FM Radio",
				"Air Conditioning",
				"Alloy Rims",
				"Power Locks",
				"Power Mirrors",
				"Power Steering",
				"Power Windows"
			],
			"adLastUpdated": "Sep 22, 2021",
			"price": 850000,
			"priceCurrency": "PKR"
		},
		{
			"@type": "Car",
			"brand": {
				"@type": "Brand",
				"name": "Daihatsu"
			},
			"model": "Mira",
			"description": "Automatic transmission\r\nCondition is very good\r\nModel 2009 and registration 2014\r\nAC in Working condition\r\nEngine change\r\nSeats perfect comfortable\r\nFamily used car \r\nNo work required\r\nJust buy and drive\r\n. Price is slightly negotiable\r\n. Totally driven on petrol. New tires installed recently. ",
			"itemCondition": "used",
			"modelDate": 2009,
			"manufacturer": "Daihatsu",
			"fuelType": "Petrol",
			"name": "Daihatsu Mira 2009 for sale in Karachi",
			"image": "https://cache1.pakwheels.com/ad_pictures/5670/daihatsu-mira-l-10-2009-56708226.jpg",
			"vehicleTransmission": "Automatic",
			"color": "Beige",
			"bodyType": "Hatchback",
			"vehicleEngine": {
				"@type": "EngineSpecification",
				"engineDisplacement": "660cc"
			},
			"mileageFromOdometer": "97,912 km",
			"sellerLocation": " A.F.O.H.S, Karachi Sindh",
			"postedFrom": "Added via Website",
			"keywords": "daihatsu mira 2009 for sale, daihatsu mira 2009, daihatsu mira 2009 karachi, 2009 daihatsu mira, daihatsu mira for sale, used daihatsu mira 2009",
			"extraFeatures": {
				"RegisteredIn": "Karachi",
				"Color": "Beige",
				"Assembly": "Imported",
				"EngineCapacity": "660 cc",
				"BodyType": "Hatchback",
				"LastUpdated:": "Sep 22, 2021",
				"AdRef#": "5460530"
			},
			"features": [
				"AM/FM Radio",
				"Air Bags",
				"Air Conditioning",
				"CD Player",
				"Front Speakers",
				"Immobilizer Key",
				"Keyless Entry",
				"Power Locks",
				"Power Mirrors",
				"Power Steering",
				"Power Windows"
			],
			"adLastUpdated": "Sep 22, 2021",
			"price": 1400000,
			"priceCurrency": "PKR"
		},
		{
			"@type": "Car",
			"brand": {
				"@type": "Brand",
				"name": "Honda"
			},
			"model": "Civic",
			"description": "Untouch",
			"itemCondition": "used",
			"modelDate": 2020,
			"manufacturer": "Honda",
			"fuelType": "Petrol",
			"name": "Honda Civic 2020 for sale in Islamabad",
			"image": "https://cache1.pakwheels.com/ad_pictures/5661/honda-civic-1-5-rs-turbo-2020-56617592.jpg",
			"vehicleTransmission": "Automatic",
			"color": "Silver",
			"bodyType": "Sedan",
			"vehicleEngine": {
				"@type": "EngineSpecification",
				"engineDisplacement": "1500cc"
			},
			"mileageFromOdometer": "23,000 km",
			"sellerLocation": " 7th Avenue, Islamabad Islamabad",
			"postedFrom": "Added via Website",
			"keywords": "honda civic 2020 for sale, honda civic 2020, honda civic 2020 islamabad, 2020 honda civic, honda civic for sale, used honda civic 2020",
			"extraFeatures": {
				"RegisteredIn": "Islamabad",
				"Color": "Silver",
				"Assembly": "Local",
				"EngineCapacity": "1500 cc",
				"BodyType": "Sedan",
				"LastUpdated:": "Sep 22, 2021",
				"AdRef#": "5460526"
			},
			"features": [
				"ABS",
				"AM/FM Radio",
				"Air Bags",
				"Air Conditioning",
				"Alloy Rims",
				"Cruise Control",
				"DVD Player",
				"Immobilizer Key",
				"Keyless Entry",
				"Navigation System",
				"Power Locks",
				"Power Mirrors",
				"Power Steering",
				"Power Windows",
				"Sun Roof"
			],
			"adLastUpdated": "Sep 22, 2021",
			"price": 4630000,
			"priceCurrency": "PKR"
		},
		{
			"@type": "Car",
			"brand": {
				"@type": "Brand",
				"name": "Nissan"
			},
			"model": "Dayz",
			"description": ". Inside out fully original. All original documents are complete  . Driven on petrol throughout . Recently imported. Just like a Zero Meter car. Fitted with new tires. Engine in pristine condition . Need to sell the car urgently.contact me  also on this whatsapp no",
			"itemCondition": "used",
			"modelDate": 2018,
			"manufacturer": "Nissan",
			"fuelType": "Petrol",
			"name": "Nissan Dayz 2018 for sale in Multan",
			"image": "https://cache4.pakwheels.com/ad_pictures/5661/nissan-dayz-x-40-2018-56617554.jpg",
			"vehicleTransmission": "Automatic",
			"color": "White",
			"bodyType": "Hatchback",
			"vehicleEngine": {
				"@type": "EngineSpecification",
				"engineDisplacement": "660cc"
			},
			"mileageFromOdometer": "6,000 km",
			"sellerLocation": " Bahawalpur Road, Multan Punjab",
			"postedFrom": " Added via Phone",
			"keywords": "nissan dayz 2018 for sale, nissan dayz 2018, nissan dayz 2018 multan, 2018 nissan dayz, nissan dayz for sale, used nissan dayz 2018",
			"extraFeatures": {
				"RegisteredIn": "Un-Registered",
				"Color": "White",
				"Assembly": "Imported",
				"EngineCapacity": "660 cc",
				"BodyType": "Hatchback",
				"LastUpdated:": "Sep 22, 2021",
				"AdRef#": "5460524"
			},
			"features": [
				"ABS",
				"AM/FM Radio",
				"Air Bags",
				"Air Conditioning",
				"Alloy Rims",
				"CD Player",
				"DVD Player",
				"Immobilizer Key",
				"Keyless Entry",
				"Power Locks",
				"Power Mirrors",
				"Power Steering",
				"Power Windows"
			],
			"adLastUpdated": "Sep 22, 2021",
			"price": 1850000,
			"priceCurrency": "PKR"
		},
		{
			"@type": "Car",
			"brand": {
				"@type": "Brand",
				"name": "Toyota"
			},
			"model": "Corolla",
			"description": "Corolla gli for sale Black colour 2015 modal  As good as a brand new car. Fully maintained through authorized dealership. Inside out fully original. Brand new tires installed. After Market Alloy rims. Petrol driven, CNG never installed. Sealed and powerful engine. Army Officer driven. Never been into any accidents Original Book is available as well. Original return file is available. All taxes paid. Urgently need to sell the  car. ",
			"itemCondition": "used",
			"modelDate": 2015,
			"manufacturer": "Toyota",
			"fuelType": "Petrol",
			"name": "Toyota Corolla 2015 for sale in Islamabad",
			"image": "https://cache2.pakwheels.com/ad_pictures/5660/toyota-corolla-gli-vvti-2015-56608439.jpg",
			"vehicleTransmission": "Manual",
			"color": "Black",
			"bodyType": "Sedan",
			"vehicleEngine": {
				"@type": "EngineSpecification",
				"engineDisplacement": "1300cc"
			},
			"mileageFromOdometer": "94,000 km",
			"sellerLocation": " Islamabad Islamabad",
			"postedFrom": "Added via Website",
			"keywords": "toyota corolla 2015 for sale, toyota corolla 2015, toyota corolla 2015 islamabad, 2015 toyota corolla, toyota corolla for sale, used toyota corolla 2015",
			"extraFeatures": {
				"RegisteredIn": "Islamabad",
				"Color": "Black",
				"Assembly": "Local",
				"EngineCapacity": "1300 cc",
				"BodyType": "Sedan",
				"LastUpdated:": "Sep 22, 2021",
				"AdRef#": "5459762"
			},
			"features": [
				"ABS",
				"AM/FM Radio",
				"Air Conditioning",
				"CD Player",
				"DVD Player",
				"Immobilizer Key",
				"Keyless Entry",
				"Power Locks",
				"Power Mirrors",
				"Power Steering",
				"Power Windows"
			],
			"adLastUpdated": "Sep 22, 2021",
			"price": 2490000,
			"priceCurrency": "PKR"
		},
		{
			"@type": "Car",
			"brand": {
				"@type": "Brand",
				"name": "Suzuki"
			},
			"model": "Ravi",
			"description": "With Cabin perfect for distributors ",
			"itemCondition": "used",
			"modelDate": 2007,
			"manufacturer": "Suzuki",
			"fuelType": "Petrol",
			"name": "Suzuki Ravi 2007 for sale in Lahore",
			"image": "https://cache4.pakwheels.com/ad_pictures/5661/suzuki-ravi-2007-56617203.jpg",
			"vehicleTransmission": "Manual",
			"color": "White",
			"vehicleEngine": {
				"@type": "EngineSpecification",
				"engineDisplacement": "1000cc"
			},
			"mileageFromOdometer": "100,000 km",
			"sellerLocation": " Manga Mandi, Lahore Punjab",
			"postedFrom": "Added via Website",
			"keywords": "suzuki ravi 2007 for sale, suzuki ravi 2007, suzuki ravi 2007 lahore, 2007 suzuki ravi, suzuki ravi for sale, used suzuki ravi 2007",
			"extraFeatures": {
				"RegisteredIn": "Rawalpindi",
				"Color": "White",
				"Assembly": "Local",
				"EngineCapacity": "1000 cc",
				"BodyType": "N/A",
				"LastUpdated:": "Sep 22, 2021",
				"AdRef#": "5460504"
			},
			"features": [],
			"adLastUpdated": "Sep 22, 2021",
			"price": 500000,
			"priceCurrency": "PKR"
		},
		{
			"@type": "Car",
			"brand": {
				"@type": "Brand",
				"name": "Daewoo"
			},
			"model": "Racer",
			"description": "daewoo racer modified \nToyota 2d shape \nproject shop because need money for visa\nonly electrical warinig work\nand tyres bettery need to change 15000 ka kam hai bus became money shortag\nother all work done \nshop changed bonat. mangrad lights digi modified to Toyota 2D\nsmart card original palates \nlpg  cng petrol \nbus Lahore walay rabrta karain or dealer bhai ko kasam hai k wo please rabta na karain please please 260 wala rabta na karain mainay bhohat kharcha kia hai jazak Allah khairah. . .",
			"itemCondition": "used",
			"modelDate": 1993,
			"manufacturer": "Daewoo",
			"fuelType": "Petrol",
			"name": "Daewoo Racer 1993 for sale in Lahore",
			"image": "https://cache1.pakwheels.com/ad_pictures/5560/daewoo-racer-base-grade-1-5-1993-55607888.jpg",
			"vehicleTransmission": "Manual",
			"color": "Black",
			"bodyType": "Sedan",
			"vehicleEngine": {
				"@type": "EngineSpecification",
				"engineDisplacement": "1500cc"
			},
			"mileageFromOdometer": "135,648 km",
			"sellerLocation": " Shadipura, Lahore Punjab",
			"postedFrom": "Added via Website",
			"keywords": "daewoo racer 1993 for sale, daewoo racer 1993, daewoo racer 1993 lahore, 1993 daewoo racer, daewoo racer for sale, used daewoo racer 1993",
			"extraFeatures": {
				"RegisteredIn": "Lahore",
				"Color": "Black",
				"Assembly": "Imported",
				"EngineCapacity": "1500 cc",
				"BodyType": "Sedan",
				"LastUpdated:": "Sep 22, 2021",
				"AdRef#": "5383876"
			},
			"features": [
				"AM/FM Radio",
				"Cassette Player"
			],
			"adLastUpdated": "Sep 22, 2021",
			"price": 280000,
			"priceCurrency": "PKR"
		},
		{
			"@type": "Car",
			"brand": {
				"@type": "Brand",
				"name": "Toyota"
			},
			"model": "Corolla Fielder",
			"description": "4 grade car WXB model full option....  auction sheet available and verified fresh import 2021 bumper to bumper genuine pearl white  colour leather seats low mileage just buy and drive no foolish offer serious buyer contact me thnx no SMS plz contact nmber 0345,5352309",
			"itemCondition": "used",
			"modelDate": 2018,
			"manufacturer": "Toyota",
			"fuelType": "Petrol",
			"name": "Toyota Corolla Fielder 2018 for sale in Islamabad",
			"image": "https://cache3.pakwheels.com/ad_pictures/5404/toyota-corolla-fielder-hybrid-g-w-b-2018-54045267.jpg",
			"vehicleTransmission": "Automatic",
			"color": "White",
			"bodyType": "Station Wagon",
			"vehicleEngine": {
				"@type": "EngineSpecification",
				"engineDisplacement": "1500cc"
			},
			"mileageFromOdometer": "44,000 km",
			"sellerLocation": " Islamabad Islamabad",
			"postedFrom": "Added via Website",
			"keywords": "toyota corolla fielder 2018 for sale, toyota corolla fielder 2018, toyota corolla fielder 2018 islamabad, 2018 toyota corolla fielder, toyota corolla fielder for sale, used toyota corolla fielder 2018",
			"extraFeatures": {
				"RegisteredIn": "Un-Registered",
				"Color": "White",
				"Assembly": "Imported",
				"EngineCapacity": "1500 cc",
				"BodyType": "Station Wagon",
				"LastUpdated:": "Sep 22, 2021",
				"AdRef#": "5265737"
			},
			"features": [
				"ABS",
				"AM/FM Radio",
				"Air Bags",
				"Air Conditioning",
				"Alloy Rims",
				"CD Player",
				"CoolBox",
				"Cruise Control",
				"DVD Player",
				"Immobilizer Key",
				"Keyless Entry",
				"Navigation System",
				"Power Locks",
				"Power Mirrors",
				"Power Steering",
				"Power Windows"
			],
			"adLastUpdated": "Sep 22, 2021",
			"price": 4650000,
			"priceCurrency": "PKR"
		},
		{
			"@type": "Car",
			"brand": {
				"@type": "Brand",
				"name": "Toyota"
			},
			"model": "Yaris",
			"description": "Ready Delivery\nZero Meter\nCall for more details",
			"itemCondition": "used",
			"modelDate": 2021,
			"manufacturer": "Toyota",
			"fuelType": "Petrol",
			"name": "Toyota Yaris 2021 for sale in Karachi",
			"image": "https://cache2.pakwheels.com/ad_pictures/5267/toyota-yaris-ativ-mt-1-3-2021-52678384.jpg",
			"vehicleTransmission": "Manual",
			"color": "White",
			"bodyType": "Sedan",
			"vehicleEngine": {
				"@type": "EngineSpecification",
				"engineDisplacement": "1300cc"
			},
			"mileageFromOdometer": "38 km",
			"sellerLocation": " Karachi Sindh",
			"postedFrom": " Added via Phone",
			"keywords": "toyota yaris 2021 for sale, toyota yaris 2021, toyota yaris 2021 karachi, 2021 toyota yaris, toyota yaris for sale, used toyota yaris 2021",
			"extraFeatures": {
				"RegisteredIn": "Un-Registered",
				"Color": "White",
				"Assembly": "Local",
				"EngineCapacity": "1300 cc",
				"BodyType": "Sedan",
				"LastUpdated:": "Sep 22, 2021",
				"AdRef#": "5160643"
			},
			"features": [
				"ABS",
				"AM/FM Radio",
				"Air Bags",
				"Air Conditioning",
				"Alloy Rims",
				"CD Player",
				"Immobilizer Key",
				"Power Locks",
				"Power Steering",
				"Power Windows"
			],
			"adLastUpdated": "Sep 22, 2021",
			"price": 2575000,
			"priceCurrency": "PKR"
		},
		{
			"@type": "Car",
			"brand": {
				"@type": "Brand",
				"name": "Toyota"
			},
			"model": "Corolla",
			"description": "Toyota Old is Gold is Pakistani Muscles Car\nToyota 1973 Shokeen engine 9/10\n1300cc\n13kml behtreen petrol average\ncomplete Documents\nengine is perfectly working in any weather..\nyeh unique model main sa ek car hy.\nns ac ki kami hy or auto door ki. New tires installed recently . Non accidental. Original book is available as well. Will be sold to nearest offer. Need to sell the car urgently. Everything is in genuine condition . Call/SMS in office hours only. call na uthon to msg kar dain All original documents are complete  . Driven on petrol throughout . Exchange option can be considered. In showroom condition. Fitted with new tires. Urgently need to sellthe  car.",
			"itemCondition": "used",
			"modelDate": 1973,
			"manufacturer": "Toyota",
			"fuelType": "Petrol",
			"name": "Toyota Corolla 1973 for sale in Faisalabad",
			"image": "https://cache2.pakwheels.com/ad_pictures/5661/toyota-corolla-1973-56612906.jpg",
			"vehicleTransmission": "Manual",
			"color": "Blue",
			"vehicleEngine": {
				"@type": "EngineSpecification",
				"engineDisplacement": "1300cc"
			},
			"mileageFromOdometer": "1 km",
			"sellerLocation": " Peoples Colony, Faisalabad Punjab",
			"postedFrom": " Added via Phone",
			"keywords": "toyota corolla 1973 for sale, toyota corolla 1973, toyota corolla 1973 faisalabad, 1973 toyota corolla, toyota corolla for sale, used toyota corolla 1973",
			"extraFeatures": {
				"RegisteredIn": "Sindh",
				"Color": "Blue",
				"Assembly": "Local",
				"EngineCapacity": "1300 cc",
				"BodyType": "N/A",
				"LastUpdated:": "Sep 22, 2021",
				"AdRef#": "5460130"
			},
			"features": [],
			"adLastUpdated": "Sep 22, 2021",
			"price": 230000,
			"priceCurrency": "PKR"
		},
		{
			"@type": "Car",
			"brand": {
				"@type": "Brand",
				"name": "Suzuki"
			},
			"model": "Margalla",
			"description": "Restored car just buy and drive no work required Lightweight allow rims .",
			"itemCondition": "used",
			"modelDate": 1990,
			"manufacturer": "Suzuki",
			"fuelType": "Petrol",
			"name": "Suzuki Margalla 1990 for sale in Karachi",
			"image": "https://cache1.pakwheels.com/ad_pictures/5661/suzuki-margalla-gl-5-1990-56617429.jpg",
			"vehicleTransmission": "Manual",
			"color": "Maroon",
			"bodyType": "Sedan",
			"vehicleEngine": {
				"@type": "EngineSpecification",
				"engineDisplacement": "1000cc"
			},
			"mileageFromOdometer": "99,000 km",
			"sellerLocation": " Malir, Karachi Sindh",
			"postedFrom": " Added via Phone",
			"keywords": "suzuki margalla 1990 for sale, suzuki margalla 1990, suzuki margalla 1990 karachi, 1990 suzuki margalla, suzuki margalla for sale, used suzuki margalla 1990",
			"extraFeatures": {
				"RegisteredIn": "Sindh",
				"Color": "Maroon",
				"Assembly": "Imported",
				"EngineCapacity": "1000 cc",
				"BodyType": "Sedan",
				"LastUpdated:": "Sep 22, 2021",
				"AdRef#": "5460513"
			},
			"features": [
				"Air Conditioning",
				"Alloy Rims"
			],
			"adLastUpdated": "Sep 22, 2021",
			"price": 500000,
			"priceCurrency": "PKR"
		},
		{
			"@type": "Car",
			"brand": {
				"@type": "Brand",
				"name": "Suzuki"
			},
			"model": "Khyber",
			"description": "khyber 1991 model swift in good condition alloy rim install\r\nnew tyre \r\nno work req \r\nc n g\r\npetrol both working\r\nno ac Lightweight allow rims .",
			"itemCondition": "used",
			"modelDate": 1991,
			"manufacturer": "Suzuki",
			"fuelType": "Petrol",
			"name": "Suzuki Khyber 1991 for sale in Karachi",
			"image": "https://cache1.pakwheels.com/ad_pictures/5661/suzuki-khyber-1991-56616022.jpg",
			"vehicleTransmission": "Manual",
			"color": "White",
			"vehicleEngine": {
				"@type": "EngineSpecification",
				"engineDisplacement": "1000cc"
			},
			"mileageFromOdometer": "65,000 km",
			"sellerLocation": " Abul Hassan Isphani Road, Karachi Sindh",
			"postedFrom": " Added via Phone",
			"keywords": "suzuki khyber 1991 for sale, suzuki khyber 1991, suzuki khyber 1991 karachi, 1991 suzuki khyber, suzuki khyber for sale, used suzuki khyber 1991",
			"extraFeatures": {
				"RegisteredIn": "Sindh",
				"Color": "White",
				"Assembly": "Local",
				"EngineCapacity": "1000 cc",
				"BodyType": "N/A",
				"LastUpdated:": "Sep 22, 2021",
				"AdRef#": "5460394"
			},
			"features": [
				"Alloy Rims"
			],
			"adLastUpdated": "Sep 22, 2021",
			"price": 220000,
			"priceCurrency": "PKR"
		},
		{
			"@type": "Car",
			"brand": {
				"@type": "Brand",
				"name": "Toyota"
			},
			"model": "Corolla",
			"description": "Unregistered \nBeige interior \nSunroof \nKeyless entry \nTouch start\nBrand new original car \nUnused, Fresh Delivery \n Dealership delivery\n\nMention PakWheels when calling the seller.\n\n",
			"itemCondition": "used",
			"modelDate": 2021,
			"manufacturer": "Toyota",
			"fuelType": "Petrol",
			"name": "Toyota Corolla 2021 for sale in Karachi",
			"image": "https://cache2.pakwheels.com/ad_pictures/5661/toyota-corolla-altis-grande-x-cvt-i-1-8-beige-2021-56616873.jpg",
			"vehicleTransmission": "Automatic",
			"color": "White",
			"bodyType": "Sedan",
			"vehicleEngine": {
				"@type": "EngineSpecification",
				"engineDisplacement": "1800cc"
			},
			"mileageFromOdometer": "40 km",
			"sellerLocation": " Karachi Sindh",
			"postedFrom": "Added via Website",
			"keywords": "toyota corolla 2021 for sale, toyota corolla 2021, toyota corolla 2021 karachi, 2021 toyota corolla, toyota corolla for sale, used toyota corolla 2021",
			"extraFeatures": {
				"RegisteredIn": "Karachi",
				"Color": "White",
				"Assembly": "Local",
				"EngineCapacity": "1800 cc",
				"BodyType": "Sedan",
				"LastUpdated:": "Sep 22, 2021",
				"AdRef#": "5460501"
			},
			"features": [
				"ABS",
				"AM/FM Radio",
				"Air Bags",
				"Air Conditioning",
				"Alloy Rims",
				"Cruise Control",
				"Immobilizer Key",
				"Keyless Entry",
				"Navigation System",
				"Power Locks",
				"Power Mirrors",
				"Power Steering",
				"Power Windows",
				"Sun Roof"
			],
			"adLastUpdated": "Sep 22, 2021",
			"price": 4350000,
			"priceCurrency": "PKR"
		},
		{
			"@type": "Car",
			"brand": {
				"@type": "Brand",
				"name": "Toyota"
			},
			"model": "Corolla",
			"description": "Complete original file is availble . Non accidental. Brand new tires installed.fresh look ..no need any work just buy and driven... minner touching on side. Home used",
			"itemCondition": "used",
			"modelDate": 2011,
			"manufacturer": "Toyota",
			"fuelType": "Petrol",
			"name": "Toyota Corolla 2011 for sale in Bhalwal",
			"image": "https://cache2.pakwheels.com/ad_pictures/5661/toyota-corolla-1-6-gli-automatic-2011-56616552.jpg",
			"vehicleTransmission": "Automatic",
			"color": "Silver",
			"bodyType": "Sedan",
			"vehicleEngine": {
				"@type": "EngineSpecification",
				"engineDisplacement": "1600cc"
			},
			"mileageFromOdometer": "167,000 km",
			"sellerLocation": " Bhalwal Punjab",
			"postedFrom": " Added via Phone",
			"keywords": "toyota corolla 2011 for sale, toyota corolla 2011, toyota corolla 2011 bhalwal, 2011 toyota corolla, toyota corolla for sale, used toyota corolla 2011",
			"extraFeatures": {
				"RegisteredIn": "Lahore",
				"Color": "Silver",
				"Assembly": "Local",
				"EngineCapacity": "1600 cc",
				"BodyType": "Sedan",
				"LastUpdated:": "Sep 22, 2021",
				"AdRef#": "5460500"
			},
			"features": [
				"ABS",
				"AM/FM Radio",
				"Air Conditioning",
				"CD Player",
				"Keyless Entry",
				"Power Locks",
				"Power Mirrors",
				"Power Steering",
				"Power Windows"
			],
			"adLastUpdated": "Sep 22, 2021",
			"price": 2000000,
			"priceCurrency": "PKR"
		},
		{
			"@type": "Car",
			"brand": {
				"@type": "Brand",
				"name": "Suzuki"
			},
			"model": "Mehran",
			"description": " Model 2004\n Registered in Karachi\n Silver Color (coloured) \n All documents clear\n New seat covers\n New bumpers\n New tyres fitted only month ago\n Emergency equipments like jack, screw and Stepney spare wheel are free\n Location: Dera Ismail Khan kpk\n Demand: 355000 (3 lakh 55 thousand rupees) ",
			"itemCondition": "used",
			"modelDate": 2004,
			"manufacturer": "Suzuki",
			"fuelType": "Petrol",
			"name": "Suzuki Mehran 2004 for sale in Dera ismail khan",
			"image": "https://cache1.pakwheels.com/ad_pictures/5661/suzuki-mehran-vx-2-2004-56617327.jpg",
			"vehicleTransmission": "Manual",
			"color": "Silver",
			"bodyType": "Hatchback",
			"vehicleEngine": {
				"@type": "EngineSpecification",
				"engineDisplacement": "800cc"
			},
			"mileageFromOdometer": "100,000 km",
			"sellerLocation": " Dera ismail khan KPK",
			"postedFrom": "Added via Website",
			"keywords": "suzuki mehran 2004 for sale, suzuki mehran 2004, suzuki mehran 2004 dera ismail khan, 2004 suzuki mehran, suzuki mehran for sale, used suzuki mehran 2004",
			"extraFeatures": {
				"RegisteredIn": "Karachi",
				"Color": "Silver",
				"Assembly": "Local",
				"EngineCapacity": "800 cc",
				"BodyType": "Hatchback",
				"LastUpdated:": "Sep 22, 2021",
				"AdRef#": "5460498"
			},
			"features": [
				"AM/FM Radio"
			],
			"adLastUpdated": "Sep 22, 2021",
			"price": 355000,
			"priceCurrency": "PKR"
		},
		{
			"@type": "Car",
			"brand": {
				"@type": "Brand",
				"name": "Nissan"
			},
			"model": "Note",
			"description": "Note E Power  Hybrid 4 Grade\r\nPush Start\r\nLane Assist\r\nAuto break system\r\nSteering Control\r\nFresh Import 2021\r\nLush Interior & Exterior\r\nAlmost New Tyres",
			"itemCondition": "used",
			"modelDate": 2018,
			"manufacturer": "Nissan",
			"fuelType": "Hybrid",
			"name": "Nissan Note 2018 for sale in Islamabad",
			"image": "https://cache3.pakwheels.com/ad_pictures/5661/nissan-note-2018-56617016.jpg",
			"vehicleTransmission": "Automatic",
			"color": "White",
			"vehicleEngine": {
				"@type": "EngineSpecification",
				"engineDisplacement": "1200cc"
			},
			"mileageFromOdometer": "64,000 km",
			"sellerLocation": " Islamabad Islamabad",
			"postedFrom": "Added via Website",
			"keywords": "nissan note 2018 for sale, nissan note 2018, nissan note 2018 islamabad, 2018 nissan note, nissan note for sale, used nissan note 2018",
			"extraFeatures": {
				"RegisteredIn": "Un-Registered",
				"Color": "White",
				"Assembly": "Imported",
				"EngineCapacity": "1200 cc",
				"BodyType": "N/A",
				"LastUpdated:": "Sep 22, 2021",
				"AdRef#": "5460291"
			},
			"features": [
				"AM/FM Radio",
				"Air Bags",
				"Air Conditioning",
				"Climate Control",
				"Front Speakers",
				"Immobilizer Key",
				"Keyless Entry",
				"Power Locks",
				"Power Mirrors",
				"Power Steering",
				"Power Windows",
				"Rear Camera",
				"Rear Speakers",
				"Steering Switches"
			],
			"adLastUpdated": "Sep 22, 2021",
			"price": 3050000,
			"priceCurrency": "PKR"
		},
		{
			"@type": "Car",
			"brand": {
				"@type": "Brand",
				"name": "Nissan"
			},
			"model": "Note",
			"description": "Note E Power  Hybrid 4 Grade\r\nPush Start\r\nLane Assist\r\nAuto break system\r\nSteering Control\r\nFresh Import 2021\r\nLush Interior & Exterior\r\nAlmost New Tyres",
			"itemCondition": "used",
			"modelDate": 2018,
			"manufacturer": "Nissan",
			"fuelType": "Hybrid",
			"name": "Nissan Note 2018 for sale in Islamabad",
			"image": "https://cache3.pakwheels.com/ad_pictures/5661/nissan-note-2018-56617016.jpg",
			"vehicleTransmission": "Automatic",
			"color": "White",
			"vehicleEngine": {
				"@type": "EngineSpecification",
				"engineDisplacement": "1200cc"
			},
			"mileageFromOdometer": "64,000 km",
			"sellerLocation": " Islamabad Islamabad",
			"postedFrom": "Added via Website",
			"keywords": "nissan note 2018 for sale, nissan note 2018, nissan note 2018 islamabad, 2018 nissan note, nissan note for sale, used nissan note 2018",
			"extraFeatures": {
				"RegisteredIn": "Un-Registered",
				"Color": "White",
				"Assembly": "Imported",
				"EngineCapacity": "1200 cc",
				"BodyType": "N/A",
				"LastUpdated:": "Sep 22, 2021",
				"AdRef#": "5460291"
			},
			"features": [
				"AM/FM Radio",
				"Air Bags",
				"Air Conditioning",
				"Climate Control",
				"Front Speakers",
				"Immobilizer Key",
				"Keyless Entry",
				"Power Locks",
				"Power Mirrors",
				"Power Steering",
				"Power Windows",
				"Rear Camera",
				"Rear Speakers",
				"Steering Switches"
			],
			"adLastUpdated": "Sep 22, 2021",
			"price": 3050000,
			"priceCurrency": "PKR"
		},
		{
			"@type": "Car",
			"brand": {
				"@type": "Brand",
				"name": "KIA"
			},
			"model": "Sportage",
			"description": "First owner 100% original.",
			"itemCondition": "used",
			"modelDate": 2021,
			"manufacturer": "KIA",
			"fuelType": "Petrol",
			"name": "KIA Sportage 2021 for sale in Islamabad",
			"image": "https://cache3.pakwheels.com/ad_pictures/5660/kia-sportage-awd-2021-v-1-56600534.jpg",
			"vehicleTransmission": "Automatic",
			"color": "White",
			"bodyType": "SUV",
			"vehicleEngine": {
				"@type": "EngineSpecification",
				"engineDisplacement": "2000cc"
			},
			"mileageFromOdometer": "8,696 km",
			"sellerLocation": " Bhara kahu, Islamabad Islamabad",
			"postedFrom": "Added via Website",
			"keywords": "kia sportage 2021 for sale, kia sportage 2021, kia sportage 2021 islamabad, 2021 kia sportage, kia sportage for sale, used kia sportage 2021",
			"extraFeatures": {
				"RegisteredIn": "Islamabad",
				"Color": "White",
				"Assembly": "Local",
				"EngineCapacity": "2000 cc",
				"BodyType": "SUV",
				"LastUpdated:": "Sep 22, 2021",
				"AdRef#": "5459145"
			},
			"features": [
				"ABS",
				"AM/FM Radio",
				"Air Bags",
				"Air Conditioning",
				"Alloy Rims",
				"Cruise Control",
				"Immobilizer Key",
				"Keyless Entry",
				"Navigation System",
				"Power Locks",
				"Power Mirrors",
				"Power Steering",
				"Power Windows",
				"Sun Roof"
			],
			"adLastUpdated": "Sep 22, 2021",
			"price": 5675000,
			"priceCurrency": "PKR"
		},
		{
			"@type": "Car",
			"brand": {
				"@type": "Brand",
				"name": "Suzuki"
			},
			"model": "Every Wagon",
			"description": "All original documents are complete  \nG great \n.. Looking to sell the car urgently.\nMore details to contact me",
			"itemCondition": "used",
			"modelDate": 2009,
			"manufacturer": "Suzuki",
			"fuelType": "Petrol",
			"name": "Suzuki Every Wagon 2009 for sale in Quetta",
			"image": "https://cache4.pakwheels.com/ad_pictures/5661/suzuki-every-wagon-2009-56617183.jpg",
			"vehicleTransmission": "Manual",
			"color": "White",
			"vehicleEngine": {
				"@type": "EngineSpecification",
				"engineDisplacement": "660cc"
			},
			"mileageFromOdometer": "112,141 km",
			"sellerLocation": " Quetta Balochistan",
			"postedFrom": " Added via Phone",
			"keywords": "suzuki every wagon 2009 for sale, suzuki every wagon 2009, suzuki every wagon 2009 quetta, 2009 suzuki every wagon, suzuki every wagon for sale, used suzuki every wagon 2009",
			"extraFeatures": {
				"RegisteredIn": "Karachi",
				"Color": "White",
				"Assembly": "Imported",
				"EngineCapacity": "660 cc",
				"BodyType": "N/A",
				"LastUpdated:": "Sep 22, 2021",
				"AdRef#": "5460494"
			},
			"features": [
				"AM/FM Radio",
				"Air Bags",
				"Air Conditioning",
				"CD Player",
				"DVD Player",
				"Immobilizer Key",
				"Power Locks",
				"Power Mirrors",
				"Power Steering",
				"Power Windows"
			],
			"adLastUpdated": "Sep 22, 2021",
			"price": 1000000,
			"priceCurrency": "PKR"
		}
	]
}